Workbook

Sheet Customers
A1: name | B1: created_date
A2: GA | B2: 2022:06:07
A3: General Aeronautics | B3: 2022:06:07
A4: Bayer | B4: 2022:07:15
A5: PI Industries | B5: 2022:08:17
A6: FMC | B6: 2022:11:04
A7: BASF INDIA LIMITED | B7: 2022:11:21
A8: Syngenta India Ltd | B8: 2023:01:05
A9: Tractors and Farm Equipment Lt | B9: 2023:01:11
A10: Bayer Sale | B10: 2023:01:12
A11: GA OPS | B11: 2023:01:17
A12: Bayer Crop Science Limited CIRD | B12: 2023:02:15
... A94: Rutrust AgriGate India Private Limited | B94: 2026:03:04

Sheet Sheet1
A1: client_name | B1: total_ticket_count | C1: crashed_ticket_count | D1: first_ticket_date | E1: last_ticket_date
A2: IFFCO | B2: 5904 | C2: 1784 | D2: 2023:12:16 | E2: 2026:05:05
A3: Agronomics Pvt Ltd | B3: 483 | C3: 77 | D3: 2024:03:15 | E3: 2026:05:06
A4: BASF INDIA LIMITED | B4: 365 | C4: 126 | D4: 2024:08:09 | E4: 2026:04:25
A5: Fowler Westrup Pvt Ltd | B5: 337 | C5: 109 | D5: 2024:08:28 | E5: 2026:04:27
A6: Bayer | B6: 125 | C6: 4 | D6: 2023:10:11 | E6: 2024:12:13
A7: Agriown Pvt Ltd | B7: 108 | C7: 21 | D7: 2024:07:08 | E7: 2026:05:05
A8: GA | B8: 80 | C8: 10 | D8: 2023:07:04 | E8: 2026:04:24
A9: Centurion University | B9: 52 | C9: 4 | D9: 2024:01:20 | E9: 2026:01:11
A10: FMC | B10: 33 | C10: 1 | D10: 2023:11:08 | E10: 2024:05:09
A11: SVERI College of Engineering | B11: 28 | C11: 5 | D11: 2024:02:10 | E11: 2026:04:28
A12: Tarence Naveen Dsouza | B12: 27 | C12: 5 | D12: 2025:01:30 | E12: 2026:01:21
A13: AIF Vinay | B13: 22 | C13: 7 | D13: 2024:02:29 | E13: 2025:07:16
... A63: SYNGENTA INDIA LTD | B63: 1 | C63: 0 | D63: 2024:04:18 | E63: 2024:04:18

Sheet Drone details
A1: drone_code | B1: drone_type_name | C1: customer_name | D1: admin_name | E1: admin_number | F1: total_flight_time | G1: total_flight_time_minutes | H1: total_area_covered_acres | I1: customer_id_created_date | J1: total_ticket_count | K1: crashed_ticket_count | L1: first_ticket_date | M1: last_ticket_date | N1: Time to first ticket | O1: Grounded?
A2: KAS00068 | B2: Krishak | C2: Centurion University | D2: Chalapathi | E2: 8658282605 | F2: 10:34:18 | G2: =IF(OR(F2="NULL",F2=""),"",(HOUR(F2)*60)+MINUTE(F2)+(SECOND(F2)/60)) -> 634.3 | H2: 6.76 | I2: =VLOOKUP(C2,Customers!A:B,2,FALSE) -> 2023:03:18 | J2: =IFERROR(VLOOKUP($A2,Sheet3!$A:$E,2,FALSE),"") -> 12 | K2: =IFERROR(VLOOKUP($A2,Sheet3!$A:$E,3,FALSE),"") -> 0 | L2: =IFERROR(VLOOKUP($A2,Sheet3!$A:$E,4,FALSE),"") -> 2023-06-17T12:01:46.000Z | M2: =IFERROR(VLOOKUP($A2,Sheet3!$A:$E,5,FALSE),"") -> 2025-12-27T10:36:18.000Z | N2: =IFERROR(LEFT(L2,10)-(LEFT(I2,4)&"-"&MID(I2,6,2)&"-"&RIGHT(I2,2)),"") -> 91 | O2: Y
A3: KEN00005 | B3: Krishak | C3: SVERI College of Engineering | D3: Uttam Madhukar | E3: 9545553749 | F3: 06:07:28 | G3: =IF(OR(F3="NULL",F3=""),"",(HOUR(F3)*60)+MINUTE(F3)+(SECOND(F3)/60)) -> 367.46667 | H3: 11.53 | I3: =VLOOKUP(C3,Customers!A:B,2,FALSE) -> 2024:02:05 | J3: =IFERROR(VLOOKUP($A3,Sheet3!$A:$E,2,FALSE),"") -> 20 | K3: =IFERROR(VLOOKUP($A3,Sheet3!$A:$E,3,FALSE),"") -> 4 | L3: =IFERROR(VLOOKUP($A3,Sheet3!$A:$E,4,FALSE),"") -> 2024-06-26T08:26:39.000Z | M3: =IFERROR(VLOOKUP($A3,Sheet3!$A:$E,5,FALSE),"") -> 2025-03-05T08:37:53.000Z | N3: =IFERROR(LEFT(L3,10)-(LEFT(I3,4)&"-"&MID(I3,6,2)&"-"&RIGHT(I3,2)),"") -> 142 | O3: N
A4: KAS00046 | B4: Krishak | C4: Tractors and Farm Equipment Lt | D4: Vinod Admin TAFE | E4: 9988779988 | F4: NULL | G4: =IF(OR(F4="NULL",F4=""),"",(HOUR(F4)*60)+MINUTE(F4)+(SECOND(F4)/60)) | H4: 0 | I4: =VLOOKUP(C4,Customers!A:B,2,FALSE) -> 2023:01:11 | J4: =IFERROR(VLOOKUP($A4,Sheet3!$A:$E,2,FALSE),"") -> 1 | K4: =IFERROR(VLOOKUP($A4,Sheet3!$A:$E,3,FALSE),"") -> 0 | L4: =IFERROR(VLOOKUP($A4,Sheet3!$A:$E,4,FALSE),"") -> 2024-03-26T05:30:09.000Z | M4: =IFERROR(VLOOKUP($A4,Sheet3!$A:$E,5,FALSE),"") -> 2024-03-26T05:30:09.000Z | N4: =IFERROR(LEFT(L4,10)-(LEFT(I4,4)&"-"&MID(I4,6,2)&"-"&RIGHT(I4,2)),"") -> 440 | O4: Y
A5: 1i_PT03 | B5: Krishak1i | C5: IFFCO | D5: IFFCO Admin | E5: 9820914808 | F5: 05:39:23 | G5: =IF(OR(F5="NULL",F5=""),"",(HOUR(F5)*60)+MINUTE(F5)+(SECOND(F5)/60)) -> 339.38333 | H5: 7.31 | I5: =VLOOKUP(C5,Customers!A:B,2,FALSE) -> 2023:11:30 | J5: =IFERROR(VLOOKUP($A5,Sheet3!$A:$E,2,FALSE),"") | K5: =IFERROR(VLOOKUP($A5,Sheet3!$A:$E,3,FALSE),"") | L5: =IFERROR(VLOOKUP($A5,Sheet3!$A:$E,4,FALSE),"") | M5: =IFERROR(VLOOKUP($A5,Sheet3!$A:$E,5,FALSE),"") | N5: =IFERROR(LEFT(L5,10)-(LEFT(I5,4)&"-"&MID(I5,6,2)&"-"&RIGHT(I5,2)),"") | O5: N
A6: KAS00015 | B6: Krishak | C6: Syngenta India Ltd | D6: Panghal Deepak | E6: 9999338032 | F6: 00:26:15 | G6: =IF(OR(F6="NULL",F6=""),"",(HOUR(F6)*60)+MINUTE(F6)+(SECOND(F6)/60)) -> 26.25 | H6: 0 | I6: =VLOOKUP(C6,Customers!A:B,2,FALSE) -> 2023:01:05 | J6: =IFERROR(VLOOKUP($A6,Sheet3!$A:$E,2,FALSE),"") -> 2 | K6: =IFERROR(VLOOKUP($A6,Sheet3!$A:$E,3,FALSE),"") -> 0 | L6: =IFERROR(VLOOKUP($A6,Sheet3!$A:$E,4,FALSE),"") -> 2023-09-01T05:25:21.000Z | M6: =IFERROR(VLOOKUP($A6,Sheet3!$A:$E,5,FALSE),"") -> 2023-11-27T07:57:14.000Z | N6: =IFERROR(LEFT(L6,10)-(LEFT(I6,4)&"-"&MID(I6,6,2)&"-"&RIGHT(I6,2)),"") -> 239 | O6: Y
A7: KAS00009 | B7: Krishak | C7: Bayer | D7: Vidya H S | E7: 9900546939 | F7: 00:33:48 | G7: =IF(OR(F7="NULL",F7=""),"",(HOUR(F7)*60)+MINUTE(F7)+(SECOND(F7)/60)) -> 33.8 | H7: 0 | I7: =VLOOKUP(C7,Customers!A:B,2,FALSE) -> 2022:07:15 | J7: =IFERROR(VLOOKUP($A7,Sheet3!$A:$E,2,FALSE),"") -> 3 | K7: =IFERROR(VLOOKUP($A7,Sheet3!$A:$E,3,FALSE),"") -> 0 | L7: =IFERROR(VLOOKUP($A7,Sheet3!$A:$E,4,FALSE),"") -> 2024-03-09T03:49:51.000Z | M7: =IFERROR(VLOOKUP($A7,Sheet3!$A:$E,5,FALSE),"") -> 2024-03-20T06:12:40.000Z | N7: =IFERROR(LEFT(L7,10)-(LEFT(I7,4)&"-"&MID(I7,6,2)&"-"&RIGHT(I7,2)),"") -> 603 | O7: N
A8: KAS00032 | B8: Krishak | C8: Bayer | D8: Vidya H S | E8: 9900546939 | F8: 00:27:29 | G8: =IF(OR(F8="NULL",F8=""),"",(HOUR(F8)*60)+MINUTE(F8)+(SECOND(F8)/60)) -> 27.483333 | H8: 0 | I8: =VLOOKUP(C8,Customers!A:B,2,FALSE) -> 2022:07:15 | J8: =IFERROR(VLOOKUP($A8,Sheet3!$A:$E,2,FALSE),"") -> 11 | K8: =IFERROR(VLOOKUP($A8,Sheet3!$A:$E,3,FALSE),"") -> 0 | L8: =IFERROR(VLOOKUP($A8,Sheet3!$A:$E,4,FALSE),"") -> 2024-02-24T06:38:48.000Z | M8: =IFERROR(VLOOKUP($A8,Sheet3!$A:$E,5,FALSE),"") -> 2024-10-21T04:45:30.000Z | N8: =IFERROR(LEFT(L8,10)-(LEFT(I8,4)&"-"&MID(I8,6,2)&"-"&RIGHT(I8,2)),"") -> 589 | O8: Y
A9: KAS00021 | B9: Krishak | C9: Syngenta India Ltd | D9: Panghal Deepak | E9: 9999338032 | F9: 01:12:43 | G9: =IF(OR(F9="NULL",F9=""),"",(HOUR(F9)*60)+MINUTE(F9)+(SECOND(F9)/60)) -> 72.716667 | H9: 0 | I9: =VLOOKUP(C9,Customers!A:B,2,FALSE) -> 2023:01:05 | J9: =IFERROR(VLOOKUP($A9,Sheet3!$A:$E,2,FALSE),"") -> 1 | K9: =IFERROR(VLOOKUP($A9,Sheet3!$A:$E,3,FALSE),"") -> 0 | L9: =IFERROR(VLOOKUP($A9,Sheet3!$A:$E,4,FALSE),"") -> 2024-03-14T09:26:56.000Z | M9: =IFERROR(VLOOKUP($A9,Sheet3!$A:$E,5,FALSE),"") -> 2024-03-14T09:26:56.000Z | N9: =IFERROR(LEFT(L9,10)-(LEFT(I9,4)&"-"&MID(I9,6,2)&"-"&RIGHT(I9,2)),"") -> 434 | O9: N
A10: KAS00065 | B10: Krishak | C10: Syngenta India Ltd | D10: Panghal Deepak | E10: 9999338032 | F10: NULL | G10: =IF(OR(F10="NULL",F10=""),"",(HOUR(F10)*60)+MINUTE(F10)+(SECOND(F10)/60)) | H10: 0 | I10: =VLOOKUP(C10,Customers!A:B,2,FALSE) -> 2023:01:05 | J10: =IFERROR(VLOOKUP($A10,Sheet3!$A:$E,2,FALSE),"") -> 2 | K10: =IFERROR(VLOOKUP($A10,Sheet3!$A:$E,3,FALSE),"") -> 0 | L10: =IFERROR(VLOOKUP($A10,Sheet3!$A:$E,4,FALSE),"") -> 2023-12-20T06:52:16.000Z | M10: =IFERROR(VLOOKUP($A10,Sheet3!$A:$E,5,FALSE),"") -> 2024-02-24T11:26:11.000Z | N10: =IFERROR(LEFT(L10,10)-(LEFT(I10,4)&"-"&MID(I10,6,2)&"-"&RIGHT(I10,2)),"") -> 349 | O10: Y
A11: KAS00019 | B11: Krishak | C11: Bayer | D11: Vidya H S | E11: 9900546939 | F11: 00:50:56 | G11: =IF(OR(F11="NULL",F11=""),"",(HOUR(F11)*60)+MINUTE(F11)+(SECOND(F11)/60)) -> 50.933333 | H11: 0 | I11: =VLOOKUP(C11,Customers!A:B,2,FALSE) -> 2022:07:15 | J11: =IFERROR(VLOOKUP($A11,Sheet3!$A:$E,2,FALSE),"") -> 3 | K11: =IFERROR(VLOOKUP($A11,Sheet3!$A:$E,3,FALSE),"") -> 0 | L11: =IFERROR(VLOOKUP($A11,Sheet3!$A:$E,4,FALSE),"") -> 2023-07-01T13:46:32.000Z | M11: =IFERROR(VLOOKUP($A11,Sheet3!$A:$E,5,FALSE),"") -> 2024-03-20T07:09:33.000Z | N11: =IFERROR(LEFT(L11,10)-(LEFT(I11,4)&"-"&MID(I11,6,2)&"-"&RIGHT(I11,2)),"") -> 351 | O11: N
A12: KAS00051 | B12: Krishak | C12: Syngenta India Ltd | D12: Panghal Deepak | E12: 9999338032 | F12: 00:09:56 | G12: =IF(OR(F12="NULL",F12=""),"",(HOUR(F12)*60)+MINUTE(F12)+(SECOND(F12)/60)) -> 9.9333333 | H12: 0 | I12: =VLOOKUP(C12,Customers!A:B,2,FALSE) -> 2023:01:05 | J12: =IFERROR(VLOOKUP($A12,Sheet3!$A:$E,2,FALSE),"") -> 1 | K12: =IFERROR(VLOOKUP($A12,Sheet3!$A:$E,3,FALSE),"") -> 0 | L12: =IFERROR(VLOOKUP($A12,Sheet3!$A:$E,4,FALSE),"") -> 2024-03-21T10:59:05.000Z | M12: =IFERROR(VLOOKUP($A12,Sheet3!$A:$E,5,FALSE),"") -> 2024-03-21T10:59:05.000Z | N12: =IFERROR(LEFT(L12,10)-(LEFT(I12,4)&"-"&MID(I12,6,2)&"-"&RIGHT(I12,2)),"") -> 441 | O12: Y
A13: KAS00047 | B13: Krishak | C13: Syngenta India Ltd | D13: Panghal Deepak | E13: 9999338032 | F13: NULL | G13: =IF(OR(F13="NULL",F13=""),"",(HOUR(F13)*60)+MINUTE(F13)+(SECOND(F13)/60)) | H13: 0 | I13: =VLOOKUP(C13,Customers!A:B,2,FALSE) -> 2023:01:05 | J13: =IFERROR(VLOOKUP($A13,Sheet3!$A:$E,2,FALSE),"") -> 3 | K13: =IFERROR(VLOOKUP($A13,Sheet3!$A:$E,3,FALSE),"") -> 0 | L13: =IFERROR(VLOOKUP($A13,Sheet3!$A:$E,4,FALSE),"") -> 2023-12-20T11:10:35.000Z | M13: =IFERROR(VLOOKUP($A13,Sheet3!$A:$E,5,FALSE),"") -> 2024-03-10T07:21:28.000Z | N13: =IFERROR(LEFT(L13,10)-(LEFT(I13,4)&"-"&MID(I13,6,2)&"-"&RIGHT(I13,2)),"") -> 349 | O13: N
... A447: K1i00176 | B447: Krishak1i | C447: IFFCO | D447: IFFCO Admin | E447: 9820914808 | F447: 47:45:29 | G447: =IF(OR(F447="NULL",F447=""),"",(HOUR(F447)*60)+MINUTE(F447)+(SECOND(F447)/60)) -> 1425.4833 | H447: 318.23 | I447: =VLOOKUP(C447,Customers!A:B,2,FALSE) -> 2023:11:30 | J447: =IFERROR(VLOOKUP($A447,Sheet3!$A:$E,2,FALSE),"") -> 21 | K447: =IFERROR(VLOOKUP($A447,Sheet3!$A:$E,3,FALSE),"") -> 12 | L447: =IFERROR(VLOOKUP($A447,Sheet3!$A:$E,4,FALSE),"") -> 2024-05-26T06:06:43.000Z | M447: =IFERROR(VLOOKUP($A447,Sheet3!$A:$E,5,FALSE),"") -> 2025-12-26T11:11:56.000Z | N447: =IFERROR(LEFT(L447,10)-(LEFT(I447,4)&"-"&MID(I447,6,2)&"-"&RIGHT(I447,2)),"") -> 178 | O447: N

Sheet Customer details
A1: customer_name | B1: Count of drones
A2: IFFCO | B2: 279
A3: Agriown Pvt Ltd | B3: 25
A4: Fowler Westrup Pvt Ltd | B4: 24
A5: Agronomics Pvt Ltd | B5: 20
A6: BASF INDIA LIMITED | B6: 18
A7: Bayer | B7: 10
A8: Adani Skill Development | B8: 8
A9: Syngenta India Ltd | B9: 6
A10: Eco Agrow Service Pune | B10: 6
A11: Chambal Kota | B11: 5
A12: FMC | B12: 4
A13: Centurion University | B13: 3
... A42: Ayush Singh | B42: 1
A43: 0 | B43: 0

Sheet Dashboard
I5: Total | J5: Crashed atleast once | K5: Time to first ticket <30 days
H6: Drones | I6: =COUNTA('Drone details'!A:A) -> 447 | J6: {=ROWS(_xlfn._xlws.FILTER('Drone details'!A2:A447,VALUE('Drone details'!K2:K447&"0")>0))} -> 312 | K6: {=SUMPRODUCT((ISNUMBER('Drone details'!N2:N447)*('Drone details'!N2:N447<=30))*1)} -> 52
H7: Customers | I7: {=ROWS(_xlfn.UNIQUE(_xlfn._xlws.FILTER('Drone details'!$C$2:$C$447,'Drone details'!$C$2:$C$447<>"")))} -> 41 | J7: {=ROWS(_xlfn.UNIQUE(_xlfn._xlws.FILTER('Drone details'!C2:C447,VALUE('Drone details'!K2:K447&"0")>0)))} -> 28 | K7: {=ROWS(_xlfn.UNIQUE(_xlfn._xlws.FILTER('Drone details'!C2:C447,(ISNUMBER('Drone details'!N2:N447))*('Drone details'!N2:N447<=30))))} -> 23

Sheet Sheet3
A1: drone_code | B1: total_ticket_count | C1: crashed_ticket_count | D1: first_ticket_date | E1: last_ticket_date
A2: K1i00052 | B2: 77 | C2: 9 | D2: 2024-04-11T10:34:06.000Z | E2: 2025-04-07T04:51:20.000Z
A3: K1i00096 | B3: 71 | C3: 17 | D3: 2024-05-21T04:28:54.000Z | E3: 2026-01-31T08:20:56.000Z
A4: K1i00028 | B4: 64 | C4: 16 | D4: 2024-01-10T07:27:59.000Z | E4: 2026-04-12T06:50:56.000Z
A5: K1i00142 | B5: 63 | C5: 15 | D5: 2024-05-27T11:13:30.000Z | E5: 2026-04-17T15:19:25.000Z
A6: K1i00239 | B6: 60 | C6: 11 | D6: 2024-09-01T13:34:08.000Z | E6: 2026-02-07T04:39:58.000Z
A7: K1i00162 | B7: 59 | C7: 22 | D7: 2024-05-23T04:34:50.000Z | E7: 2026-04-27T04:13:03.000Z
A8: K1i00123 | B8: 58 | C8: 28 | D8: 2024-06-23T06:36:02.000Z | E8: 2026-01-20T07:41:46.000Z
A9: K1i00093 | B9: 53 | C9: 18 | D9: 2024-04-16T05:53:31.000Z | E9: 2026-04-15T05:14:36.000Z
A10: K1i00072 | B10: 53 | C10: 14 | D10: 2024-04-24T06:22:37.000Z | E10: 2026-01-14T09:40:29.000Z
A11: K1i00056 | B11: 51 | C11: 23 | D11: 2024-04-26T01:32:50.000Z | E11: 2025-09-08T08:04:08.000Z
A12: K1i00053 | B12: 51 | C12: 7 | D12: 2024-05-12T09:44:02.000Z | E12: 2026-02-05T04:37:44.000Z
A13: K2i00025 | B13: 50 | C13: 18 | D13: 2024-08-09T07:18:40.000Z | E13: 2026-02-23T08:31:08.000Z
... A545: K2i00114 | B545: 1 | C545: 0 | D545: 2026-05-05T10:42:12.000Z | E545: 2026-05-05T10:42:12.000Z
